candidate_id,dataset,horizon_step,horizon_group,mae
Control_A_F2,PJM,1,Short (1-8),136.98728294921162
Control_A_F2,PJM,2,Short (1-8),156.52220319768526
Control_A_F2,PJM,3,Short (1-8),177.70970159264297
Control_A_F2,PJM,4,Short (1-8),203.3226583123958
Control_A_F2,PJM,5,Short (1-8),218.7836266723161
Control_A_F2,PJM,6,Short (1-8),232.38905617073343
Control_A_F2,PJM,7,Short (1-8),248.99024863500225
Control_A_F2,PJM,8,Short (1-8),263.6761644549322
Control_A_F2,PJM,9,Medium (9-16),272.04751155042067
Control_A_F2,PJM,10,Medium (9-16),280.3353725602047
Control_A_F2,PJM,11,Medium (9-16),273.2398975667212
Control_A_F2,PJM,12,Medium (9-16),288.135209267501
Control_A_F2,PJM,13,Medium (9-16),268.9226845864624
Control_A_F2,PJM,14,Medium (9-16),277.5065544206107
Control_A_F2,PJM,15,Medium (9-16),268.5216833020833
Control_A_F2,PJM,16,Medium (9-16),271.76484249101065
Control_A_F2,PJM,17,Long (17-24),270.40489261912074
Control_A_F2,PJM,18,Long (17-24),269.2764904043886
Control_A_F2,PJM,19,Long (17-24),267.8747858826152
Control_A_F2,PJM,20,Long (17-24),271.86392716151016
Control_A_F2,PJM,21,Long (17-24),274.24157114921246
Control_A_F2,PJM,22,Long (17-24),264.0687416769479
Control_A_F2,PJM,23,Long (17-24),272.12547830239083
Control_A_F2,PJM,24,Long (17-24),268.9226436854359
Control_A_F2,GEFCom,1,Short (1-8),4.575078021603736
Control_A_F2,GEFCom,2,Short (1-8),6.117544126694646
Control_A_F2,GEFCom,3,Short (1-8),7.433561021320702
Control_A_F2,GEFCom,4,Short (1-8),8.631504936151087
Control_A_F2,GEFCom,5,Short (1-8),9.659871736132507
Control_A_F2,GEFCom,6,Short (1-8),10.56105426635669
Control_A_F2,GEFCom,7,Short (1-8),11.295628995575875
Control_A_F2,GEFCom,8,Short (1-8),11.975163010091661
Control_A_F2,GEFCom,9,Medium (9-16),12.613783721333327
Control_A_F2,GEFCom,10,Medium (9-16),13.009099446623553
Control_A_F2,GEFCom,11,Medium (9-16),13.469750459573334
Control_A_F2,GEFCom,12,Medium (9-16),13.854661529336902
Control_A_F2,GEFCom,13,Medium (9-16),14.119117691039959
Control_A_F2,GEFCom,14,Medium (9-16),14.45311632498013
Control_A_F2,GEFCom,15,Medium (9-16),14.486322057774412
Control_A_F2,GEFCom,16,Medium (9-16),14.568435843402172
Control_A_F2,GEFCom,17,Long (17-24),14.805202175679321
Control_A_F2,GEFCom,18,Long (17-24),14.908459935911575
Control_A_F2,GEFCom,19,Long (17-24),14.94389871682075
Control_A_F2,GEFCom,20,Long (17-24),15.037238198529366
Control_A_F2,GEFCom,21,Long (17-24),15.148058716091626
Control_A_F2,GEFCom,22,Long (17-24),15.213555386929475
Control_A_F2,GEFCom,23,Long (17-24),15.336793432314018
Control_A_F2,GEFCom,24,Long (17-24),15.616257347279781
Control_A_F2,UCI,1,Short (1-8),6.401910699391154
Control_A_F2,UCI,2,Short (1-8),6.801192027018488
Control_A_F2,UCI,3,Short (1-8),7.151641516061309
Control_A_F2,UCI,4,Short (1-8),7.159829274195632
Control_A_F2,UCI,5,Short (1-8),7.511106441839111
Control_A_F2,UCI,6,Short (1-8),7.735341842776692
Control_A_F2,UCI,7,Short (1-8),7.843299807636027
Control_A_F2,UCI,8,Short (1-8),8.229518618262572
Control_A_F2,UCI,9,Medium (9-16),8.497716952364103
Control_A_F2,UCI,10,Medium (9-16),8.847933645770182
Control_A_F2,UCI,11,Medium (9-16),8.592779147156413
Control_A_F2,UCI,12,Medium (9-16),8.56196769210851
Control_A_F2,UCI,13,Medium (9-16),8.50455963246026
Control_A_F2,UCI,14,Medium (9-16),8.72272534480761
Control_A_F2,UCI,15,Medium (9-16),8.524137515285952
Control_A_F2,UCI,16,Medium (9-16),8.758524065151972
Control_A_F2,UCI,17,Long (17-24),9.016037479509894
Control_A_F2,UCI,18,Long (17-24),8.79006564696011
Control_A_F2,UCI,19,Long (17-24),8.741399732028968
Control_A_F2,UCI,20,Long (17-24),8.579712872039224
Control_A_F2,UCI,21,Long (17-24),8.351805777680894
Control_A_F2,UCI,22,Long (17-24),8.400984585886125
Control_A_F2,UCI,23,Long (17-24),8.561607841449456
Control_A_F2,UCI,24,Long (17-24),8.669594205583474
Control_B_FixedShrinkage,PJM,1,Short (1-8),133.75963532855766
Control_B_FixedShrinkage,PJM,2,Short (1-8),153.7955017386146
Control_B_FixedShrinkage,PJM,3,Short (1-8),176.96386464245083
Control_B_FixedShrinkage,PJM,4,Short (1-8),198.4489893606071
Control_B_FixedShrinkage,PJM,5,Short (1-8),218.145819220129
Control_B_FixedShrinkage,PJM,6,Short (1-8),230.99375486958223
Control_B_FixedShrinkage,PJM,7,Short (1-8),247.1506855650202
Control_B_FixedShrinkage,PJM,8,Short (1-8),262.976738110932
Control_B_FixedShrinkage,PJM,9,Medium (9-16),276.5544987506415
Control_B_FixedShrinkage,PJM,10,Medium (9-16),286.31635752565586
Control_B_FixedShrinkage,PJM,11,Medium (9-16),277.766556617583
Control_B_FixedShrinkage,PJM,12,Medium (9-16),290.62594565632924
Control_B_FixedShrinkage,PJM,13,Medium (9-16),273.59197245818825
Control_B_FixedShrinkage,PJM,14,Medium (9-16),284.4551440941135
Control_B_FixedShrinkage,PJM,15,Medium (9-16),270.8201776665887
Control_B_FixedShrinkage,PJM,16,Medium (9-16),273.52351912015786
Control_B_FixedShrinkage,PJM,17,Long (17-24),274.12329931618507
Control_B_FixedShrinkage,PJM,18,Long (17-24),271.72777912976403
Control_B_FixedShrinkage,PJM,19,Long (17-24),272.74903172118616
Control_B_FixedShrinkage,PJM,20,Long (17-24),269.26514207311413
Control_B_FixedShrinkage,PJM,21,Long (17-24),269.50080552794645
Control_B_FixedShrinkage,PJM,22,Long (17-24),263.9610679832164
Control_B_FixedShrinkage,PJM,23,Long (17-24),271.8497243613498
Control_B_FixedShrinkage,PJM,24,Long (17-24),271.987033060492
Control_B_FixedShrinkage,GEFCom,1,Short (1-8),4.644147864349221
Control_B_FixedShrinkage,GEFCom,2,Short (1-8),6.193494749029354
Control_B_FixedShrinkage,GEFCom,3,Short (1-8),7.567167554559784
Control_B_FixedShrinkage,GEFCom,4,Short (1-8),8.69276973096966
Control_B_FixedShrinkage,GEFCom,5,Short (1-8),9.707216737885444
Control_B_FixedShrinkage,GEFCom,6,Short (1-8),10.547893000977878
Control_B_FixedShrinkage,GEFCom,7,Short (1-8),11.26632062582737
Control_B_FixedShrinkage,GEFCom,8,Short (1-8),11.980207223828465
Control_B_FixedShrinkage,GEFCom,9,Medium (9-16),12.595919627928476
Control_B_FixedShrinkage,GEFCom,10,Medium (9-16),12.996239349227048
Control_B_FixedShrinkage,GEFCom,11,Medium (9-16),13.467563672300207
Control_B_FixedShrinkage,GEFCom,12,Medium (9-16),13.856878812500359
Control_B_FixedShrinkage,GEFCom,13,Medium (9-16),14.14156387350731
Control_B_FixedShrinkage,GEFCom,14,Medium (9-16),14.399909488640843
Control_B_FixedShrinkage,GEFCom,15,Medium (9-16),14.475497017033954
Control_B_FixedShrinkage,GEFCom,16,Medium (9-16),14.548640623632677
Control_B_FixedShrinkage,GEFCom,17,Long (17-24),14.80639856662751
Control_B_FixedShrinkage,GEFCom,18,Long (17-24),14.943979818471641
Control_B_FixedShrinkage,GEFCom,19,Long (17-24),15.024053114085955
Control_B_FixedShrinkage,GEFCom,20,Long (17-24),15.110665581971062
Control_B_FixedShrinkage,GEFCom,21,Long (17-24),15.233774380772598
Control_B_FixedShrinkage,GEFCom,22,Long (17-24),15.284435730053167
Control_B_FixedShrinkage,GEFCom,23,Long (17-24),15.453903445520067
Control_B_FixedShrinkage,GEFCom,24,Long (17-24),15.73922289603695
Control_B_FixedShrinkage,UCI,1,Short (1-8),6.114723111491409
Control_B_FixedShrinkage,UCI,2,Short (1-8),6.398965097403137
Control_B_FixedShrinkage,UCI,3,Short (1-8),6.978508874087233
Control_B_FixedShrinkage,UCI,4,Short (1-8),7.069642749488196
Control_B_FixedShrinkage,UCI,5,Short (1-8),7.305148943577694
Control_B_FixedShrinkage,UCI,6,Short (1-8),7.495814763123741
Control_B_FixedShrinkage,UCI,7,Short (1-8),7.953725114767653
Control_B_FixedShrinkage,UCI,8,Short (1-8),7.997378514002498
Control_B_FixedShrinkage,UCI,9,Medium (9-16),8.23999454881405
Control_B_FixedShrinkage,UCI,10,Medium (9-16),8.396045578697048
Control_B_FixedShrinkage,UCI,11,Medium (9-16),8.874930562373626
Control_B_FixedShrinkage,UCI,12,Medium (9-16),8.012728340079187
Control_B_FixedShrinkage,UCI,13,Medium (9-16),7.711709137958886
Control_B_FixedShrinkage,UCI,14,Medium (9-16),8.157575965163746
Control_B_FixedShrinkage,UCI,15,Medium (9-16),7.8646076418186
Control_B_FixedShrinkage,UCI,16,Medium (9-16),7.704865898058821
Control_B_FixedShrinkage,UCI,17,Long (17-24),7.730183382280574
Control_B_FixedShrinkage,UCI,18,Long (17-24),7.6983451374068785
Control_B_FixedShrinkage,UCI,19,Long (17-24),7.929250251897338
Control_B_FixedShrinkage,UCI,20,Long (17-24),7.952719392572889
Control_B_FixedShrinkage,UCI,21,Long (17-24),8.022829947774694
Control_B_FixedShrinkage,UCI,22,Long (17-24),8.057302125613292
Control_B_FixedShrinkage,UCI,23,Long (17-24),8.304306664094533
Control_B_FixedShrinkage,UCI,24,Long (17-24),8.507513746646682
Control_C_HorizonRouting,PJM,1,Short (1-8),139.85793796492092
Control_C_HorizonRouting,PJM,2,Short (1-8),166.2143761576674
Control_C_HorizonRouting,PJM,3,Short (1-8),192.66238927843142
Control_C_HorizonRouting,PJM,4,Short (1-8),215.30109781484467
Control_C_HorizonRouting,PJM,5,Short (1-8),241.91253317008844
Control_C_HorizonRouting,PJM,6,Short (1-8),251.65778783325206
Control_C_HorizonRouting,PJM,7,Short (1-8),265.5019815276783
Control_C_HorizonRouting,PJM,8,Short (1-8),269.4645019130953
Control_C_HorizonRouting,PJM,9,Medium (9-16),274.79204228410475
Control_C_HorizonRouting,PJM,10,Medium (9-16),278.72520300405114
Control_C_HorizonRouting,PJM,11,Medium (9-16),276.9064452242351
Control_C_HorizonRouting,PJM,12,Medium (9-16),273.6027524826085
Control_C_HorizonRouting,PJM,13,Medium (9-16),265.69372976466315
Control_C_HorizonRouting,PJM,14,Medium (9-16),273.09212815611266
Control_C_HorizonRouting,PJM,15,Medium (9-16),254.6115101006069
Control_C_HorizonRouting,PJM,16,Medium (9-16),262.72908353069556
Control_C_HorizonRouting,PJM,17,Long (17-24),268.7051219282633
Control_C_HorizonRouting,PJM,18,Long (17-24),265.34994477160825
Control_C_HorizonRouting,PJM,19,Long (17-24),265.0397754544719
Control_C_HorizonRouting,PJM,20,Long (17-24),260.8956656467743
Control_C_HorizonRouting,PJM,21,Long (17-24),259.9385050003187
Control_C_HorizonRouting,PJM,22,Long (17-24),256.49573357414823
Control_C_HorizonRouting,PJM,23,Long (17-24),267.6154199260066
Control_C_HorizonRouting,PJM,24,Long (17-24),275.2047185404198
Control_C_HorizonRouting,GEFCom,1,Short (1-8),4.982361078023839
Control_C_HorizonRouting,GEFCom,2,Short (1-8),6.529578382468171
Control_C_HorizonRouting,GEFCom,3,Short (1-8),7.846453920219279
Control_C_HorizonRouting,GEFCom,4,Short (1-8),8.90193163583065
Control_C_HorizonRouting,GEFCom,5,Short (1-8),10.014120954525305
Control_C_HorizonRouting,GEFCom,6,Short (1-8),10.927921987671647
Control_C_HorizonRouting,GEFCom,7,Short (1-8),11.75974118610639
Control_C_HorizonRouting,GEFCom,8,Short (1-8),12.592381337102577
Control_C_HorizonRouting,GEFCom,9,Medium (9-16),13.001617199563759
Control_C_HorizonRouting,GEFCom,10,Medium (9-16),13.569590072839063
Control_C_HorizonRouting,GEFCom,11,Medium (9-16),14.1863281510938
Control_C_HorizonRouting,GEFCom,12,Medium (9-16),14.459004219391195
Control_C_HorizonRouting,GEFCom,13,Medium (9-16),14.851976005881856
Control_C_HorizonRouting,GEFCom,14,Medium (9-16),15.281961224718218
Control_C_HorizonRouting,GEFCom,15,Medium (9-16),15.155628648416512
Control_C_HorizonRouting,GEFCom,16,Medium (9-16),15.368976537138549
Control_C_HorizonRouting,GEFCom,17,Long (17-24),15.524015189671942
Control_C_HorizonRouting,GEFCom,18,Long (17-24),15.459963009870247
Control_C_HorizonRouting,GEFCom,19,Long (17-24),15.611645384189979
Control_C_HorizonRouting,GEFCom,20,Long (17-24),15.6289402121464
Control_C_HorizonRouting,GEFCom,21,Long (17-24),15.822809143814148
Control_C_HorizonRouting,GEFCom,22,Long (17-24),15.830519163451541
Control_C_HorizonRouting,GEFCom,23,Long (17-24),15.990599940795601
Control_C_HorizonRouting,GEFCom,24,Long (17-24),16.362251110598447
Control_C_HorizonRouting,UCI,1,Short (1-8),6.713843611433581
Control_C_HorizonRouting,UCI,2,Short (1-8),6.972189262690604
Control_C_HorizonRouting,UCI,3,Short (1-8),7.385865894821864
Control_C_HorizonRouting,UCI,4,Short (1-8),7.379867609590203
Control_C_HorizonRouting,UCI,5,Short (1-8),7.661183842462035
Control_C_HorizonRouting,UCI,6,Short (1-8),8.25939741018113
Control_C_HorizonRouting,UCI,7,Short (1-8),8.33538464438363
Control_C_HorizonRouting,UCI,8,Short (1-8),8.302887533177064
Control_C_HorizonRouting,UCI,9,Medium (9-16),8.487909010997226
Control_C_HorizonRouting,UCI,10,Medium (9-16),8.622803338125394
Control_C_HorizonRouting,UCI,11,Medium (9-16),8.588521214972426
Control_C_HorizonRouting,UCI,12,Medium (9-16),8.39568904619646
Control_C_HorizonRouting,UCI,13,Medium (9-16),8.212722370688136
Control_C_HorizonRouting,UCI,14,Medium (9-16),8.482756803897685
Control_C_HorizonRouting,UCI,15,Medium (9-16),8.772502938845236
Control_C_HorizonRouting,UCI,16,Medium (9-16),8.913400136344816
Control_C_HorizonRouting,UCI,17,Long (17-24),8.946928246853957
Control_C_HorizonRouting,UCI,18,Long (17-24),9.128436119638137
Control_C_HorizonRouting,UCI,19,Long (17-24),9.198622038673143
Control_C_HorizonRouting,UCI,20,Long (17-24),8.883866320955198
Control_C_HorizonRouting,UCI,21,Long (17-24),8.564814183171979
Control_C_HorizonRouting,UCI,22,Long (17-24),8.510501188805145
Control_C_HorizonRouting,UCI,23,Long (17-24),8.547447314069618
Control_C_HorizonRouting,UCI,24,Long (17-24),8.755026232489996
Control_D_DynamicConfidence,PJM,1,Short (1-8),123.74162424651836
Control_D_DynamicConfidence,PJM,2,Short (1-8),141.9033226125031
Control_D_DynamicConfidence,PJM,3,Short (1-8),163.06839342536367
Control_D_DynamicConfidence,PJM,4,Short (1-8),191.30222041876263
Control_D_DynamicConfidence,PJM,5,Short (1-8),211.3957257988624
Control_D_DynamicConfidence,PJM,6,Short (1-8),227.8781521547912
Control_D_DynamicConfidence,PJM,7,Short (1-8),240.1912630050244
Control_D_DynamicConfidence,PJM,8,Short (1-8),247.83133637574323
Control_D_DynamicConfidence,PJM,9,Medium (9-16),257.71956612625047
Control_D_DynamicConfidence,PJM,10,Medium (9-16),271.0528256936256
Control_D_DynamicConfidence,PJM,11,Medium (9-16),267.67604588938764
Control_D_DynamicConfidence,PJM,12,Medium (9-16),284.8126162753234
Control_D_DynamicConfidence,PJM,13,Medium (9-16),267.09634874734
Control_D_DynamicConfidence,PJM,14,Medium (9-16),279.33236125723045
Control_D_DynamicConfidence,PJM,15,Medium (9-16),270.12398481127275
Control_D_DynamicConfidence,PJM,16,Medium (9-16),272.4594349550957
Control_D_DynamicConfidence,PJM,17,Long (17-24),266.4836092410321
Control_D_DynamicConfidence,PJM,18,Long (17-24),271.11239726314113
Control_D_DynamicConfidence,PJM,19,Long (17-24),263.84741008865296
Control_D_DynamicConfidence,PJM,20,Long (17-24),266.5744240040161
Control_D_DynamicConfidence,PJM,21,Long (17-24),264.1272192465017
Control_D_DynamicConfidence,PJM,22,Long (17-24),255.40143160209038
Control_D_DynamicConfidence,PJM,23,Long (17-24),264.07674136006636
Control_D_DynamicConfidence,PJM,24,Long (17-24),263.5375043121709
Control_D_DynamicConfidence,GEFCom,1,Short (1-8),4.677629353209089
Control_D_DynamicConfidence,GEFCom,2,Short (1-8),6.284411060487943
Control_D_DynamicConfidence,GEFCom,3,Short (1-8),7.600009011928841
Control_D_DynamicConfidence,GEFCom,4,Short (1-8),8.723390438326076
Control_D_DynamicConfidence,GEFCom,5,Short (1-8),9.74422497891211
Control_D_DynamicConfidence,GEFCom,6,Short (1-8),10.591473101908477
Control_D_DynamicConfidence,GEFCom,7,Short (1-8),11.28945353625264
Control_D_DynamicConfidence,GEFCom,8,Short (1-8),11.971058541695797
Control_D_DynamicConfidence,GEFCom,9,Medium (9-16),12.616021989037478
Control_D_DynamicConfidence,GEFCom,10,Medium (9-16),13.037765316032802
Control_D_DynamicConfidence,GEFCom,11,Medium (9-16),13.569265314913675
Control_D_DynamicConfidence,GEFCom,12,Medium (9-16),13.95592338176935
Control_D_DynamicConfidence,GEFCom,13,Medium (9-16),14.203404517396159
Control_D_DynamicConfidence,GEFCom,14,Medium (9-16),14.539235972241691
Control_D_DynamicConfidence,GEFCom,15,Medium (9-16),14.562495797203413
Control_D_DynamicConfidence,GEFCom,16,Medium (9-16),14.640878186923173
Control_D_DynamicConfidence,GEFCom,17,Long (17-24),14.920524830302567
Control_D_DynamicConfidence,GEFCom,18,Long (17-24),15.047147121226054
Control_D_DynamicConfidence,GEFCom,19,Long (17-24),15.06301135675406
Control_D_DynamicConfidence,GEFCom,20,Long (17-24),15.117384028977048
Control_D_DynamicConfidence,GEFCom,21,Long (17-24),15.255628847518885
Control_D_DynamicConfidence,GEFCom,22,Long (17-24),15.248579676172522
Control_D_DynamicConfidence,GEFCom,23,Long (17-24),15.393956012520832
Control_D_DynamicConfidence,GEFCom,24,Long (17-24),15.731433411219152
Control_D_DynamicConfidence,UCI,1,Short (1-8),6.831422010960305
Control_D_DynamicConfidence,UCI,2,Short (1-8),7.122533481714996
Control_D_DynamicConfidence,UCI,3,Short (1-8),7.648411432119918
Control_D_DynamicConfidence,UCI,4,Short (1-8),7.227410386372938
Control_D_DynamicConfidence,UCI,5,Short (1-8),7.635503605636538
Control_D_DynamicConfidence,UCI,6,Short (1-8),7.94220317125858
Control_D_DynamicConfidence,UCI,7,Short (1-8),7.985300838690433
Control_D_DynamicConfidence,UCI,8,Short (1-8),8.315360448261838
Control_D_DynamicConfidence,UCI,9,Medium (9-16),8.617001180156747
Control_D_DynamicConfidence,UCI,10,Medium (9-16),8.746141074784589
Control_D_DynamicConfidence,UCI,11,Medium (9-16),8.645350947206312
Control_D_DynamicConfidence,UCI,12,Medium (9-16),8.51872463598786
Control_D_DynamicConfidence,UCI,13,Medium (9-16),8.396926523503518
Control_D_DynamicConfidence,UCI,14,Medium (9-16),8.909465586919255
Control_D_DynamicConfidence,UCI,15,Medium (9-16),8.769326937859555
Control_D_DynamicConfidence,UCI,16,Medium (9-16),8.50579379980463
Control_D_DynamicConfidence,UCI,17,Long (17-24),8.853656764748594
Control_D_DynamicConfidence,UCI,18,Long (17-24),8.654333775839305
Control_D_DynamicConfidence,UCI,19,Long (17-24),8.69038434322328
Control_D_DynamicConfidence,UCI,20,Long (17-24),8.456282840119053
Control_D_DynamicConfidence,UCI,21,Long (17-24),8.564816966324479
Control_D_DynamicConfidence,UCI,22,Long (17-24),8.580888689447647
Control_D_DynamicConfidence,UCI,23,Long (17-24),8.575725568430892
Control_D_DynamicConfidence,UCI,24,Long (17-24),8.783242438929955
Candidate_E1_HGR_FS,PJM,1,Short (1-8),141.11235951670824
Candidate_E1_HGR_FS,PJM,2,Short (1-8),163.48043218193823
Candidate_E1_HGR_FS,PJM,3,Short (1-8),187.14900697186266
Candidate_E1_HGR_FS,PJM,4,Short (1-8),211.76910918472691
Candidate_E1_HGR_FS,PJM,5,Short (1-8),238.73873304840996
Candidate_E1_HGR_FS,PJM,6,Short (1-8),252.22707045047358
Candidate_E1_HGR_FS,PJM,7,Short (1-8),268.29269651124304
Candidate_E1_HGR_FS,PJM,8,Short (1-8),272.07330360083
Candidate_E1_HGR_FS,PJM,9,Medium (9-16),283.5163806642788
Candidate_E1_HGR_FS,PJM,10,Medium (9-16),285.6006765926974
Candidate_E1_HGR_FS,PJM,11,Medium (9-16),290.0935628986004
Candidate_E1_HGR_FS,PJM,12,Medium (9-16),285.7147551542844
Candidate_E1_HGR_FS,PJM,13,Medium (9-16),279.70548128798174
Candidate_E1_HGR_FS,PJM,14,Medium (9-16),281.8225464599667
Candidate_E1_HGR_FS,PJM,15,Medium (9-16),268.67986454684336
Candidate_E1_HGR_FS,PJM,16,Medium (9-16),273.4493548265832
Candidate_E1_HGR_FS,PJM,17,Long (17-24),282.5163093381124
Candidate_E1_HGR_FS,PJM,18,Long (17-24),272.3179651082988
Candidate_E1_HGR_FS,PJM,19,Long (17-24),268.1501256618374
Candidate_E1_HGR_FS,PJM,20,Long (17-24),265.849537236583
Candidate_E1_HGR_FS,PJM,21,Long (17-24),260.4851209630355
Candidate_E1_HGR_FS,PJM,22,Long (17-24),261.8310724009899
Candidate_E1_HGR_FS,PJM,23,Long (17-24),276.37902581146756
Candidate_E1_HGR_FS,PJM,24,Long (17-24),286.7670811186797
Candidate_E1_HGR_FS,GEFCom,1,Short (1-8),4.777014998908258
Candidate_E1_HGR_FS,GEFCom,2,Short (1-8),6.029628373826494
Candidate_E1_HGR_FS,GEFCom,3,Short (1-8),7.177267311146719
Candidate_E1_HGR_FS,GEFCom,4,Short (1-8),8.200343193785436
Candidate_E1_HGR_FS,GEFCom,5,Short (1-8),9.183449234792905
Candidate_E1_HGR_FS,GEFCom,6,Short (1-8),10.135686698552073
Candidate_E1_HGR_FS,GEFCom,7,Short (1-8),10.952794551527894
Candidate_E1_HGR_FS,GEFCom,8,Short (1-8),11.539260316851696
Candidate_E1_HGR_FS,GEFCom,9,Medium (9-16),12.148939316901439
Candidate_E1_HGR_FS,GEFCom,10,Medium (9-16),12.758273542225544
Candidate_E1_HGR_FS,GEFCom,11,Medium (9-16),13.26718524049183
Candidate_E1_HGR_FS,GEFCom,12,Medium (9-16),13.718982123170651
Candidate_E1_HGR_FS,GEFCom,13,Medium (9-16),14.061752376751697
Candidate_E1_HGR_FS,GEFCom,14,Medium (9-16),14.230953081264039
Candidate_E1_HGR_FS,GEFCom,15,Medium (9-16),14.33740717495818
Candidate_E1_HGR_FS,GEFCom,16,Medium (9-16),14.496002625055178
Candidate_E1_HGR_FS,GEFCom,17,Long (17-24),14.700263748127577
Candidate_E1_HGR_FS,GEFCom,18,Long (17-24),14.916521019561195
Candidate_E1_HGR_FS,GEFCom,19,Long (17-24),15.211823365286593
Candidate_E1_HGR_FS,GEFCom,20,Long (17-24),15.33686988381877
Candidate_E1_HGR_FS,GEFCom,21,Long (17-24),15.384897247237939
Candidate_E1_HGR_FS,GEFCom,22,Long (17-24),15.417616582310368
Candidate_E1_HGR_FS,GEFCom,23,Long (17-24),15.489977220466821
Candidate_E1_HGR_FS,GEFCom,24,Long (17-24),15.76115391288526
Candidate_E1_HGR_FS,UCI,1,Short (1-8),6.73986767682851
Candidate_E1_HGR_FS,UCI,2,Short (1-8),7.134660188885636
Candidate_E1_HGR_FS,UCI,3,Short (1-8),7.384347323397004
Candidate_E1_HGR_FS,UCI,4,Short (1-8),7.327952503551243
Candidate_E1_HGR_FS,UCI,5,Short (1-8),7.854361942385864
Candidate_E1_HGR_FS,UCI,6,Short (1-8),8.451079514405555
Candidate_E1_HGR_FS,UCI,7,Short (1-8),8.38009348505833
Candidate_E1_HGR_FS,UCI,8,Short (1-8),8.273317097992669
Candidate_E1_HGR_FS,UCI,9,Medium (9-16),8.731724888178514
Candidate_E1_HGR_FS,UCI,10,Medium (9-16),8.823236820377101
Candidate_E1_HGR_FS,UCI,11,Medium (9-16),8.598539004138999
Candidate_E1_HGR_FS,UCI,12,Medium (9-16),8.260105495521344
Candidate_E1_HGR_FS,UCI,13,Medium (9-16),8.255047968824378
Candidate_E1_HGR_FS,UCI,14,Medium (9-16),8.50063245787307
Candidate_E1_HGR_FS,UCI,15,Medium (9-16),8.6746244563267
Candidate_E1_HGR_FS,UCI,16,Medium (9-16),8.836803624245235
Candidate_E1_HGR_FS,UCI,17,Long (17-24),9.021642165092794
Candidate_E1_HGR_FS,UCI,18,Long (17-24),9.16883742563021
Candidate_E1_HGR_FS,UCI,19,Long (17-24),9.2118261749475
Candidate_E1_HGR_FS,UCI,20,Long (17-24),8.960546844386705
Candidate_E1_HGR_FS,UCI,21,Long (17-24),8.677466200613237
Candidate_E1_HGR_FS,UCI,22,Long (17-24),8.578775967706063
Candidate_E1_HGR_FS,UCI,23,Long (17-24),8.588565882848329
Candidate_E1_HGR_FS,UCI,24,Long (17-24),8.657387924322654
Candidate_E2_HGR_DGS,PJM,1,Short (1-8),140.88502780609562
Candidate_E2_HGR_DGS,PJM,2,Short (1-8),159.40716502351478
Candidate_E2_HGR_DGS,PJM,3,Short (1-8),180.21778202697323
Candidate_E2_HGR_DGS,PJM,4,Short (1-8),197.87057227240416
Candidate_E2_HGR_DGS,PJM,5,Short (1-8),225.9722921061982
Candidate_E2_HGR_DGS,PJM,6,Short (1-8),239.92550911801428
Candidate_E2_HGR_DGS,PJM,7,Short (1-8),259.3257201897418
Candidate_E2_HGR_DGS,PJM,8,Short (1-8),265.8772288727465
Candidate_E2_HGR_DGS,PJM,9,Medium (9-16),275.9204843412614
Candidate_E2_HGR_DGS,PJM,10,Medium (9-16),271.8831014523378
Candidate_E2_HGR_DGS,PJM,11,Medium (9-16),276.4545017056582
Candidate_E2_HGR_DGS,PJM,12,Medium (9-16),277.0784298896506
Candidate_E2_HGR_DGS,PJM,13,Medium (9-16),270.0500767962878
Candidate_E2_HGR_DGS,PJM,14,Medium (9-16),270.82630437954805
Candidate_E2_HGR_DGS,PJM,15,Medium (9-16),256.8384119917069
Candidate_E2_HGR_DGS,PJM,16,Medium (9-16),261.004366123338
Candidate_E2_HGR_DGS,PJM,17,Long (17-24),277.19994694719753
Candidate_E2_HGR_DGS,PJM,18,Long (17-24),271.7743819848772
Candidate_E2_HGR_DGS,PJM,19,Long (17-24),261.596173320352
Candidate_E2_HGR_DGS,PJM,20,Long (17-24),261.66373969531213
Candidate_E2_HGR_DGS,PJM,21,Long (17-24),258.78814415727084
Candidate_E2_HGR_DGS,PJM,22,Long (17-24),258.05125846752935
Candidate_E2_HGR_DGS,PJM,23,Long (17-24),268.5941913402412
Candidate_E2_HGR_DGS,PJM,24,Long (17-24),278.8429904026881
Candidate_E2_HGR_DGS,GEFCom,1,Short (1-8),4.847669443971337
Candidate_E2_HGR_DGS,GEFCom,2,Short (1-8),6.447804410691918
Candidate_E2_HGR_DGS,GEFCom,3,Short (1-8),7.718815840287294
Candidate_E2_HGR_DGS,GEFCom,4,Short (1-8),8.804068256763475
Candidate_E2_HGR_DGS,GEFCom,5,Short (1-8),9.93133249003898
Candidate_E2_HGR_DGS,GEFCom,6,Short (1-8),10.764490139673242
Candidate_E2_HGR_DGS,GEFCom,7,Short (1-8),11.607462516853927
Candidate_E2_HGR_DGS,GEFCom,8,Short (1-8),12.431060714915958
Candidate_E2_HGR_DGS,GEFCom,9,Medium (9-16),12.885319306206677
Candidate_E2_HGR_DGS,GEFCom,10,Medium (9-16),13.405763730551469
Candidate_E2_HGR_DGS,GEFCom,11,Medium (9-16),13.980321829443374
Candidate_E2_HGR_DGS,GEFCom,12,Medium (9-16),14.31450807218642
Candidate_E2_HGR_DGS,GEFCom,13,Medium (9-16),14.629177278610763
Candidate_E2_HGR_DGS,GEFCom,14,Medium (9-16),15.015792945585865
Candidate_E2_HGR_DGS,GEFCom,15,Medium (9-16),14.941219687165365
Candidate_E2_HGR_DGS,GEFCom,16,Medium (9-16),15.114216184574424
Candidate_E2_HGR_DGS,GEFCom,17,Long (17-24),15.35279095376541
Candidate_E2_HGR_DGS,GEFCom,18,Long (17-24),15.417664807506117
Candidate_E2_HGR_DGS,GEFCom,19,Long (17-24),15.562070098010393
Candidate_E2_HGR_DGS,GEFCom,20,Long (17-24),15.582663180641028
Candidate_E2_HGR_DGS,GEFCom,21,Long (17-24),15.756626819533652
Candidate_E2_HGR_DGS,GEFCom,22,Long (17-24),15.776568729010384
Candidate_E2_HGR_DGS,GEFCom,23,Long (17-24),15.912095405082994
Candidate_E2_HGR_DGS,GEFCom,24,Long (17-24),16.294524146643216
Candidate_E2_HGR_DGS,UCI,1,Short (1-8),6.874758422598892
Candidate_E2_HGR_DGS,UCI,2,Short (1-8),6.924866643319305
Candidate_E2_HGR_DGS,UCI,3,Short (1-8),7.533376265799081
Candidate_E2_HGR_DGS,UCI,4,Short (1-8),7.451206579241645
Candidate_E2_HGR_DGS,UCI,5,Short (1-8),7.7276372762976795
Candidate_E2_HGR_DGS,UCI,6,Short (1-8),7.728901260751395
Candidate_E2_HGR_DGS,UCI,7,Short (1-8),8.02893962977158
Candidate_E2_HGR_DGS,UCI,8,Short (1-8),7.909283590417652
Candidate_E2_HGR_DGS,UCI,9,Medium (9-16),8.389229701227038
Candidate_E2_HGR_DGS,UCI,10,Medium (9-16),8.383593084452107
Candidate_E2_HGR_DGS,UCI,11,Medium (9-16),8.58100382881772
Candidate_E2_HGR_DGS,UCI,12,Medium (9-16),8.372101404230238
Candidate_E2_HGR_DGS,UCI,13,Medium (9-16),8.286872750701875
Candidate_E2_HGR_DGS,UCI,14,Medium (9-16),8.254341868443186
Candidate_E2_HGR_DGS,UCI,15,Medium (9-16),8.477880117532015
Candidate_E2_HGR_DGS,UCI,16,Medium (9-16),8.401500095851425
Candidate_E2_HGR_DGS,UCI,17,Long (17-24),8.493958380827484
Candidate_E2_HGR_DGS,UCI,18,Long (17-24),8.623809251833858
Candidate_E2_HGR_DGS,UCI,19,Long (17-24),8.690074736902094
Candidate_E2_HGR_DGS,UCI,20,Long (17-24),8.462641021119452
Candidate_E2_HGR_DGS,UCI,21,Long (17-24),8.450779348184218
Candidate_E2_HGR_DGS,UCI,22,Long (17-24),8.34956938235835
Candidate_E2_HGR_DGS,UCI,23,Long (17-24),8.627369210507448
Candidate_E2_HGR_DGS,UCI,24,Long (17-24),8.4421808661633
