horizon_step,standalone_gru_mae,standalone_tcn_mae,standalone_patch_mae,standalone_gru_rmse,standalone_tcn_rmse,standalone_patch_rmse,equal_ensemble_mae,equal_ensemble_rmse,v2_fused_mae,v2_fused_rmse,v2_minus_equal_mae,oracle_standalone_mae,oracle_internal_mae,internal_gru_mae,internal_tcn_mae,internal_patch_mae,router_w_gru,router_w_tcn,router_w_patch,pct_standalone_best_tcn,pct_standalone_best_patch,pct_standalone_best_gru,pct_internal_best_tcn,pct_internal_best_patch,pct_internal_best_gru
1,122.765869140625,126.41581726074219,143.8778076171875,159.99560546875,158.86370849609375,199.58824157714844,103.84928894042969,137.97140502929688,145.27247619628906,189.4558563232422,41.423187255859375,59.5921745300293,94.06938171386719,251.93563842773438,225.33810424804688,194.7582244873047,0.06331130117177963,0.28525349497795105,0.651435136795044,33.84853168469861,31.31375579598145,34.837712519319936,33.21483771251932,39.07264296754251,27.712519319938178
2,141.41885375976562,140.47329711914062,157.75741577148438,183.46820068359375,177.23373413085938,214.8276824951172,122.365966796875,160.48141479492188,157.88424682617188,206.71273803710938,35.518280029296875,70.40430450439453,100.43067932128906,354.49468994140625,206.4259796142578,203.06600952148438,0.06331130117177963,0.28525349497795105,0.651435136795044,33.83307573415765,31.391035548686247,34.77588871715611,39.134466769706336,42.024729520865534,18.84080370942813
3,176.31272888183594,166.61207580566406,179.1204071044922,228.5975799560547,212.6458282470703,240.0720672607422,148.98690795898438,196.16720581054688,183.3035430908203,241.7208709716797,34.31663513183594,90.11541748046875,115.46085357666016,482.92315673828125,224.37875366210938,229.987548828125,0.06331130117177963,0.28525349497795105,0.651435136795044,35.85780525502319,31.839258114374037,32.30293663060278,41.80834621329212,43.04482225656878,15.146831530139105
4,214.4781036376953,194.93580627441406,200.72918701171875,280.7892761230469,251.559326171875,267.29412841796875,176.78526306152344,234.93209838867188,201.6321258544922,269.06463623046875,24.84686279296875,108.65153503417969,126.0990982055664,572.1640014648438,239.55191040039062,245.1642608642578,0.06331130117177963,0.28525349497795105,0.651435136795044,33.97217928902628,34.88408037094281,31.143740340030913,42.024729520865534,43.40030911901082,14.574961360123648
5,251.79251098632812,217.74337768554688,220.19717407226562,332.0671691894531,284.26068115234375,292.8370666503906,200.86282348632812,269.3534851074219,216.79379272460938,288.2505187988281,15.93096923828125,125.1222152709961,136.03018188476562,623.324951171875,265.9681091308594,248.42306518554688,0.06331130117177963,0.28525349497795105,0.651435136795044,33.508500772797525,37.35703245749614,29.134466769706336,39.56723338485317,46.0741885625966,14.35857805255023
6,280.0157775878906,243.01602172851562,235.73025512695312,371.432861328125,318.51580810546875,312.785888671875,222.594970703125,298.4578552246094,236.1872100830078,311.49822998046875,13.592239379882812,137.98941040039062,150.00454711914062,676.1688842773438,291.4867248535156,271.1913757324219,0.06331130117177963,0.28525349497795105,0.651435136795044,33.183925811437405,37.418856259659975,29.397217928902624,40.5564142194745,45.332302936630605,14.111282843894898
7,298.1638488769531,251.8629913330078,248.60635375976562,395.30487060546875,329.4593200683594,331.5289001464844,236.7935333251953,317.0995178222656,248.5954132080078,327.845703125,11.8018798828125,148.33609008789062,155.19155883789062,698.2369995117188,305.28607177734375,273.507080078125,0.06331130117177963,0.28525349497795105,0.651435136795044,33.98763523956723,37.0015455950541,29.01081916537867,37.727975270479135,48.43894899536321,13.833075734157651
8,310.8687438964844,265.23016357421875,260.31634521484375,414.9246520996094,346.2226867675781,349.014404296875,249.0033416748047,332.9825134277344,253.28506469726562,336.33404541015625,4.2817230224609375,154.736083984375,156.65921020507812,668.7013549804688,332.433349609375,274.58050537109375,0.06331130117177963,0.28525349497795105,0.651435136795044,33.38485316846986,36.27511591962906,30.340030911901085,35.93508500772798,48.809891808346215,15.255023183925811
9,317.107666015625,271.5923767089844,268.35015869140625,424.5843200683594,353.9528503417969,359.399169921875,255.5832977294922,341.0148620605469,257.1878356933594,341.16064453125,1.6045379638671875,157.2898406982422,159.694091796875,677.7221069335938,334.63800048828125,274.92279052734375,0.06331130117177963,0.28525349497795105,0.651435136795044,33.276661514683155,36.42967542503864,30.29366306027821,36.08964451313756,49.876352395672335,14.034003091190108
10,320.28326416015625,274.30987548828125,272.5081787109375,431.438720703125,356.4023742675781,365.259033203125,260.1910400390625,346.91326904296875,260.3238830566406,346.0467529296875,0.132843017578125,159.7136993408203,162.2347412109375,642.051513671875,346.5152587890625,280.91864013671875,0.06331130117177963,0.28525349497795105,0.651435136795044,33.64760432766615,36.414219474497685,29.93817619783617,35.19319938176198,49.876352395672335,14.930448222565687
11,319.8072814941406,273.0469665527344,277.30511474609375,431.73736572265625,357.9466857910156,369.44561767578125,262.0199890136719,348.96905517578125,266.23870849609375,352.8134460449219,4.218719482421875,159.66714477539062,163.1815948486328,624.8927612304688,331.56036376953125,280.51568603515625,0.06331130117177963,0.28525349497795105,0.651435136795044,34.04945904173107,34.99227202472952,30.95826893353941,35.44049459041731,48.809891808346215,15.749613601236476
12,319.72650146484375,275.3485412597656,281.28448486328125,431.49066162109375,358.98419189453125,373.0633544921875,263.3804626464844,351.03607177734375,265.4295654296875,353.976318359375,2.049102783203125,163.3150634765625,163.4012451171875,592.8284301757812,356.2943420410156,284.268310546875,0.06331130117177963,0.28525349497795105,0.651435136795044,34.82225656877898,34.79134466769707,30.386398763523957,32.41112828438949,50.17001545595055,17.418856259659968
13,317.9556579589844,275.3253173828125,288.49407958984375,431.8828125,360.1600341796875,379.2775573730469,265.296630859375,354.3755798339844,267.3474426269531,356.54168701171875,2.050811767578125,166.45858764648438,163.94680786132812,534.546875,356.4034423828125,291.05474853515625,0.06331130117177963,0.28525349497795105,0.651435136795044,35.1468315301391,33.5548686244204,31.298299845440496,31.808346213292115,48.99536321483771,19.19629057187017
14,313.466064453125,276.8586730957031,297.2720947265625,426.5137634277344,362.49212646484375,389.0033874511719,266.93450927734375,356.33807373046875,267.13836669921875,357.04217529296875,0.203857421875,168.9912872314453,159.74520874023438,480.06793212890625,334.2679138183594,293.3088684082031,0.06331130117177963,0.28525349497795105,0.651435136795044,34.80680061823802,32.13292117465224,33.06027820710974,34.08037094281298,44.62132921174653,21.298299845440493
15,308.79400634765625,277.2690734863281,302.2476501464844,420.69769287109375,363.85382080078125,396.2383117675781,267.1022033691406,357.7684020996094,271.9484558105469,364.4141845703125,4.84625244140625,170.635986328125,163.95127868652344,451.82763671875,342.5452880859375,296.2869873046875,0.06331130117177963,0.28525349497795105,0.651435136795044,35.87326120556414,31.530139103554866,32.59659969088099,33.523956723338486,43.601236476043276,22.874806800618238
16,305.07733154296875,275.72503662109375,302.8809509277344,415.50103759765625,361.3988952636719,399.50714111328125,266.5393981933594,357.5053405761719,271.73577880859375,363.7443542480469,5.196380615234375,170.54881286621094,165.23681640625,425.72705078125,338.042724609375,299.902099609375,0.06331130117177963,0.28525349497795105,0.651435136795044,36.04327666151468,31.34466769706337,32.61205564142195,33.47758887171561,42.53477588871716,23.987635239567233
17,304.81719970703125,279.3750305175781,307.0835876464844,412.63763427734375,365.5519714355469,407.2808837890625,268.4732360839844,360.34771728515625,271.38592529296875,363.53509521484375,2.912689208984375,172.58277893066406,162.99691772460938,398.17669677734375,331.0447998046875,306.4881896972656,0.06331130117177963,0.28525349497795105,0.651435136795044,34.91499227202473,31.468315301391037,33.61669242658423,33.663060278207105,40.5564142194745,25.78052550231839
18,303.576171875,279.2545471191406,309.94500732421875,408.4745788574219,366.1208801269531,412.60760498046875,269.46142578125,360.94158935546875,272.363525390625,366.41259765625,2.902099609375,173.5110321044922,160.92063903808594,382.5248107910156,328.493896484375,309.7650451660156,0.06331130117177963,0.28525349497795105,0.651435136795044,36.38330757341576,30.216383307573413,33.40030911901082,34.28129829984544,38.74806800618238,26.97063369397218
19,303.7189025878906,280.04559326171875,310.9729309082031,407.676025390625,365.1821594238281,415.527099609375,271.2151184082031,362.37957763671875,268.5113830566406,364.2469787597656,-2.7037353515625,176.19244384765625,159.5249786376953,392.86248779296875,337.84930419921875,312.1105041503906,0.06331130117177963,0.28525349497795105,0.651435136795044,35.81143740340031,31.020092735703248,33.168469860896444,33.292117465224116,40.15455950540958,26.553323029366304
20,301.8650817871094,276.5646057128906,306.2784118652344,405.1756896972656,361.1805114746094,411.50604248046875,269.2384948730469,360.314697265625,267.9441833496094,363.17529296875,-1.2943115234375,174.4630889892578,161.09854125976562,386.4713439941406,333.3634033203125,308.54876708984375,0.06331130117177963,0.28525349497795105,0.651435136795044,35.27047913446677,31.530139103554866,33.199381761978366,34.095826893353944,39.73724884080371,26.16692426584235
21,300.2564392089844,273.29852294921875,303.51763916015625,402.785400390625,356.8489685058594,409.39923095703125,266.73980712890625,357.79058837890625,266.7114562988281,365.3081970214844,-0.028350830078125,173.23916625976562,156.807861328125,348.82696533203125,348.81121826171875,308.5067443847656,0.06331130117177963,0.28525349497795105,0.651435136795044,34.86862442040186,32.58114374034003,32.55023183925812,31.468315301391037,39.67542503863988,28.856259659969087
22,296.75958251953125,267.5279846191406,300.1640625,398.6270446777344,351.8363952636719,406.34368896484375,262.87518310546875,354.50189208984375,270.20245361328125,373.7258605957031,7.3272705078125,172.77333068847656,160.93228149414062,318.1416931152344,362.07000732421875,306.1390380859375,0.06331130117177963,0.28525349497795105,0.651435136795044,34.8531684698609,33.091190108191654,32.05564142194745,29.84544049459042,37.75888717156105,32.39567233384853
23,291.3965759277344,266.9764099121094,298.33367919921875,394.2264709472656,351.3912353515625,405.74285888671875,260.27093505859375,354.3184509277344,270.3716125488281,373.4788818359375,10.100677490234375,172.99786376953125,165.92520141601562,308.77337646484375,343.63677978515625,314.59967041015625,0.06331130117177963,0.28525349497795105,0.651435136795044,35.17774343122102,33.570324574961354,31.25193199381762,30.44822256568779,36.646058732612055,32.90571870170015
24,291.09429931640625,272.9686584472656,298.786376953125,394.66650390625,362.1493835449219,408.67364501953125,262.65911865234375,360.7510681152344,274.3040466308594,380.43988037109375,11.644927978515625,176.39773559570312,168.91162109375,324.97735595703125,331.4613037109375,312.1981506347656,0.06331130117177963,0.28525349497795105,0.651435136795044,34.38948995363214,32.8129829984544,32.79752704791344,32.45749613601237,37.063369397217926,30.479134466769708
