seed,criterion,regime,count,v2_mae,equal_ens_mae,v2_advantage_mw,mean_w_gru,mean_w_tcn,mean_w_patch,mean_entropy
42,Baseline_Error,Low,431,227.78201293945312,215.95217895507812,-11.829833984375,0.07622701674699783,0.2906346023082733,0.6331384181976318,0.8443363904953003
42,Baseline_Error,Medium,432,231.32376098632812,216.65704345703125,-14.666717529296875,0.07344413548707962,0.29213079810142517,0.6344251036643982,0.8393720984458923
42,Baseline_Error,High,431,322.6961975097656,287.31304931640625,-35.383148193359375,0.06981177628040314,0.2946169078350067,0.6355712413787842,0.8332139849662781
42,Disagreement,Low,431,212.05934143066406,188.10540771484375,-23.953933715820312,0.08214560151100159,0.2933236360549927,0.6245307922363281,0.8588870167732239
42,Disagreement,Medium,432,241.7147674560547,223.01475524902344,-18.70001220703125,0.07375369966030121,0.2926671802997589,0.6335791349411011,0.8409264087677002
42,Disagreement,High,431,328.0037841796875,308.787353515625,-19.2164306640625,0.0635828971862793,0.29139024019241333,0.6450268030166626,0.8171054720878601
42,Volatility,Low,431,230.6876983642578,208.98477172851562,-21.702926635742188,0.07939935475587845,0.2934390902519226,0.6271615624427795,0.8531617522239685
42,Volatility,Medium,432,259.3074951171875,234.68873596191406,-24.618759155273438,0.07339055091142654,0.2919211983680725,0.6346882581710815,0.8392815589904785
42,Volatility,High,431,291.7418518066406,276.2069091796875,-15.534942626953125,0.06669314205646515,0.2920224964618683,0.6412843465805054,0.8244794607162476
43,Baseline_Error,Low,431,214.48977661132812,211.75584411621094,-2.7339324951171875,0.07327497005462646,0.29148069024086,0.6352444291114807,0.8389898538589478
43,Baseline_Error,Medium,432,217.70428466796875,209.6038818359375,-8.10040283203125,0.07196378707885742,0.291949599981308,0.636086642742157,0.8365076780319214
43,Baseline_Error,High,431,291.0132751464844,294.3749694824219,3.3616943359375,0.06982826441526413,0.2924131751060486,0.6377585530281067,0.8321355581283569
43,Disagreement,Low,431,195.79490661621094,182.20407104492188,-13.590835571289062,0.0756615549325943,0.29030582308769226,0.6340326070785522,0.8432406187057495
43,Disagreement,Medium,432,228.90516662597656,224.25230407714844,-4.652862548828125,0.07187937200069427,0.29137319326400757,0.636747419834137,0.8359462022781372
43,Disagreement,High,431,298.4812927246094,309.2443542480469,10.7630615234375,0.06752628087997437,0.29416579008102417,0.6383079290390015,0.8284474015235901
43,Volatility,Low,431,223.1794891357422,210.48468017578125,-12.694808959960938,0.07413887977600098,0.29104405641555786,0.6348170042037964,0.8405275344848633
43,Volatility,Medium,432,227.70758056640625,241.82461547851562,14.117034912109375,0.07172759622335434,0.29162362217903137,0.6366488337516785,0.8357378840446472
43,Volatility,High,431,272.2970886230469,263.35064697265625,-8.946441650390625,0.06920109689235687,0.293176531791687,0.6376223564147949,0.8313693404197693
44,Baseline_Error,Low,431,214.0664825439453,208.052001953125,-6.0144805908203125,0.0677916407585144,0.2663557529449463,0.6658525466918945,0.8055004477500916
44,Baseline_Error,Medium,432,208.68418884277344,206.11814880371094,-2.5660400390625,0.06592044979333878,0.26502546668052673,0.6690540909767151,0.7998968958854675
44,Baseline_Error,High,431,278.2336730957031,288.65252685546875,10.418853759765625,0.061885230243206024,0.26240235567092896,0.6757124066352844,0.7876982092857361
44,Disagreement,Low,431,197.8345489501953,192.62811279296875,-5.2064361572265625,0.06571721285581589,0.2638641595840454,0.6704186797142029,0.7981831431388855
44,Disagreement,Medium,432,204.81959533691406,203.8688201904297,-0.950775146484375,0.06588571518659592,0.2643650770187378,0.6697492003440857,0.7991021275520325
44,Disagreement,High,431,298.33917236328125,306.3309020996094,7.991729736328125,0.06399448215961456,0.2655559182167053,0.6704494953155518,0.7958120703697205
44,Volatility,Low,431,204.66647338867188,206.87692260742188,2.21044921875,0.06512311846017838,0.2635141611099243,0.6713626980781555,0.7962560057640076
44,Volatility,Medium,432,234.15194702148438,237.78948974609375,3.637542724609375,0.06631537526845932,0.26520177721977234,0.6684828996658325,0.8009864091873169
44,Volatility,High,431,262.1068420410156,258.0827331542969,-4.02410888671875,0.06415791809558868,0.26506727933883667,0.6707748174667358,0.7958505153656006
45,Baseline_Error,Low,431,219.66696166992188,212.37257385253906,-7.2943878173828125,0.073895163834095,0.29363390803337097,0.6324709057807922,0.8417286276817322
45,Baseline_Error,Medium,432,211.94798278808594,213.89376831054688,1.9457855224609375,0.06953192502260208,0.2919681966304779,0.638499915599823,0.8309066295623779
45,Baseline_Error,High,431,322.199462890625,293.96783447265625,-28.23162841796875,0.05968160182237625,0.2829720079898834,0.6573463678359985,0.8002793192863464
45,Disagreement,Low,431,198.68527221679688,196.76783752441406,-1.9174346923828125,0.07375021278858185,0.28722184896469116,0.6390278935432434,0.8360686302185059
45,Disagreement,Medium,432,236.7284393310547,228.1667022705078,-8.561737060546875,0.06918266415596008,0.29039883613586426,0.640418529510498,0.8286998271942139
45,Disagreement,High,431,318.3431701660156,295.26654052734375,-23.076629638671875,0.06017661839723587,0.29095715284347534,0.6488662958145142,0.8081511855125427
45,Volatility,Low,431,210.86329650878906,212.98533630371094,2.122039794921875,0.07211656123399734,0.2897748351097107,0.6381086111068726,0.8344244956970215
45,Volatility,Medium,432,245.16493225097656,235.51071166992188,-9.654220581054688,0.06951717287302017,0.29061102867126465,0.6398718357086182,0.8295457363128662
45,Volatility,High,431,297.70904541015625,271.6880187988281,-26.021026611328125,0.061474982649087906,0.28819143772125244,0.65033358335495,0.8089475035667419
46,Baseline_Error,Low,431,226.67625427246094,209.89837646484375,-16.777877807617188,0.04041081294417381,0.2896287739276886,0.6699603796005249,0.7568730115890503
46,Baseline_Error,Medium,432,228.52011108398438,205.71688842773438,-22.80322265625,0.039038870483636856,0.28861287236213684,0.6723483204841614,0.7521453499794006
46,Baseline_Error,High,431,292.8765869140625,287.99932861328125,-4.87725830078125,0.03695625439286232,0.28496962785720825,0.6780741214752197,0.7430005669593811
46,Disagreement,Low,431,211.2834930419922,185.0655975341797,-26.2178955078125,0.04022593796253204,0.28760695457458496,0.6721671223640442,0.7545947432518005
46,Disagreement,Medium,432,237.31533813476562,225.52890014648438,-11.78643798828125,0.03886564448475838,0.2883128821849823,0.6728214621543884,0.7513898015022278
46,Disagreement,High,431,299.4537353515625,292.9741516113281,-6.479583740234375,0.0373147577047348,0.2872921824455261,0.6753931045532227,0.7460361123085022
46,Volatility,Low,431,218.70077514648438,201.6719512939453,-17.028823852539062,0.03958766162395477,0.28837791085243225,0.6720343828201294,0.7534521818161011
46,Volatility,Medium,432,245.46498107910156,233.16207885742188,-12.302902221679688,0.03903985023498535,0.28791701793670654,0.6730431318283081,0.7515166401863098
46,Volatility,High,431,283.8678894042969,268.7169494628906,-15.15093994140625,0.03777842968702316,0.2869179844856262,0.67530357837677,0.7470515370368958
